vowsls_designation_id,sls_designation_id,desig,note
924,1690,DRIVER,
925,1691,SECURITY,
926,1692,GARDENER,
927,1693,ELECTRICIAN HELPER,
928,1694,TRAINEE SPINNER 4 1/4,
929,1695,TRAINEE SPINNER 5 1/2,
930,1696,INTER SPREADER RECEIVER,
931,1697,INTER SPREADER FEEDER,
932,1698,Operator HK,
933,1699,JOINT BAGS,
934,1700,BATCHING TURNER,
935,1701,Operator,
936,1702,HEMMING MAZDOOR,
937,1703,Motors Cleaning,
938,1704,Mason Mazdoor,
939,1705,HEK.OPERATOR,
940,1706,Weaving Mech Mazdoor,
941,1707,Mazdoors/Operator,
942,1708,Single Loom(T),
943,1709,Beaming Mazdoor,
944,1710,Winding sweeper,
945,1711,5 1/2 Bobbin Cleaning,
946,1712,Cleaning Mazdoor,
947,1713,BALES OPNER,
948,1714,"TEASER MAZDOOR, WEFT",
949,1715,"MAZDOOR , CARRIER",
950,1716,"MAZDOOR,ROOT CUTTING",
951,1717,"MAZDOOR,BALES OPENER",
952,1718,WATER SPRAY,
953,1719,TEASURE MAZDOOR,
954,1720,DRAWING FEEDER,
955,1721,BUNDY MAZDOOR - N/S,
956,1722,MIXING MAZDOOR,
957,1723,BUNDY MAZDOOR,
958,1724,BUNDY MAZDOOR - WEFT,
959,1725,MASON,
960,1726,SPEADER MECHANIC,
961,1727,BOBBIN POLISH,
962,1728,HUMIDY FIRE CLEANING,
963,1729,ROOF CLEANING,
964,1730,DRAWING DAILY CLEANING,
965,1731,DUST SHAKE MAZDOOR (CARDING),
966,1732,LINE WASTAGE MAZDOOR,
967,1733,CUTTING CARRIER (HUPPER),
968,1734,BATCHING SPRAY,
969,1735,CUTTING CARRIER,
970,1736,DUST SHAKHER MAZDOOR,
971,1737,DUST REMOVE SPEADER,
972,1738,TRINEE SARDAR,
973,1739,ROLLER MAN,
974,1740,PRESS MAN (T),
975,1741,BREAKER FEEDER (FROM SPREADER),
976,1742,SPREADER ROLL CARRIER TO BREAKER,
977,1743,SPREADER RECEIVER,
978,1744,SPREADER FEEDER,
979,1745,RE WINDER,
980,1746,CLEANING,
981,1747,WIREMAN,
982,1748,"MAINT CUM HUMIDIFIRE,AC REPAIR",
983,1749,SWEEPER,
984,1750,SWEEPER,
985,1751,BOBBIN CLEANER-S,
986,1752,SWEEPER (C),
987,1753,SWEEPER(F),
988,1754,LINE WASTE MAZDOOR,
989,1755,DUST MAZDOOR,
990,1756,DAMPING MAZDOOR,
991,1757,HAND SEWING SARDAR,
992,1758,CUTTING TO HEMMING MAZDOOR,
993,1759,CUTTING M/C RECEIVER,
994,1760,CUTTING RELEIVER,
995,1761,EXTRA IN BATCHING,
996,1762,EXTRA PROCESS STOCK,
997,1763,EXTRA ( OD ),
998,1764,EXTRA (MECH WINDING),
999,1765,EXTRA(MECH DRAWING),
1000,1766,EXTRA (MECH CARDING),
1001,1767,GUNNY TEASER RECEIVER,
1002,1768,TRUSS PACKING MAZDOOR,
1003,1769,BUNDLE CARRIERS (HKL TO H/S),
1004,1770,BANDI MAZDOOR (HMG TO HKL),
1005,1771,EXTRA SARDAR,
1006,1772,FEDDER - JF1,
1007,1773,FINISHER DRAWING FEEDER,
1008,1774,2ND DRAWING FEEDER,
1009,1775,FINISHER CARD RECV & 1ST DRG FEEDER,
1010,1776,EXTRA (GENERAL),
1011,1777,SWEEPER,
1012,1778,BEAM FLANGE  SERVICE HELPER,
1013,1779,GENERAL MAZDOOR,
1014,1780,STORE MAZDOOR,
1015,1781,EXTRA(ELECTRICAL),
1016,1782,DG SET OPERATOR,
1017,1783,PUMP MAN,
1018,1784,MOTOR MAN,
1019,1785,ELECTRICIAN,
1020,1786,CHARGE HAND(ELECTRICAL),
1021,1787,EXTRA (WORKSHOP),
1022,1788,CARPENTER(WORK SHOP),
1023,1789,SHOP MAZDOOR,
1024,1790,HEMMER MAN,
1025,1791,BLACK SMITH,
1026,1792,TIN SMITH,
1027,1793,TURNER (WORK SHOP),
1028,1794,WELDER,
1029,1795,PLUMBER,
1030,1796,DRILL BOY,
1031,1797,VICE FITTER(WORK SHOP),
1032,1798,CHARGE HAND(WORK SHOP),
1033,1799,EXTRA (FM FINISHING),
1034,1800,OILER (MECH.FINISHING),
1035,1801,HERAKALE LINE FITTER,
1036,1802,HEMMING LINE FITTER,
1037,1803,COMMON FITTER,
1038,1804,EXTRA(MECH WEAVING),
1039,1805,MAZDOOR,
1040,1806,LOOM OILER,
1041,1807,LOADER PM,
1042,1808,LOADER FITTER,
1043,1809,CARPENTER(MECH WEAVING),
1044,1810,LOOM PM HELPER,
1045,1811,LOOM PM FITTER,
1046,1812,LOOM LINE FITTER(MECH WEAVING),
1047,1813,PM FITTER BEAMING,
1048,1814,PM HELPER M / ROLL WINDING,
1049,1815,PM FITTER M/ROLL WINDING,
1050,1816,PM HELPER COP WINDER,
1051,1817,PM FITTER COP WINDER,
1052,1818,OILER (MECH.WINDING),
1053,1819,LINE FITTER(MECH WINDING),
1054,1820,CHARGE HAND (MECH.WINDING),
1055,1821,EXTRA(MECH SPG),
1056,1822,PM HELPER,
1057,1823,PM FITTER,
1058,1824,VICE FITTER(MECH.SPINNING),
1059,1825,RUBBER PRESSING ROLLER FITTER,
1060,1826,OILER (MECH.SPINNING),
1061,1827,LINE FITTER(MECH SPINNING),
1062,1828,CHARGE HAND ( MECH.SPINNING),
1063,1829,GILL PIN BOY  REPARING,
1064,1830,OILER(MECH.DRAWING),
1065,1831,DRAWING PM FITTER,
1066,1832,CARRIAGE FITTER,
1067,1833,DRAWING FITTER,
1068,1834,CARD PIN BOY(MECH.CARDING),
1069,1835,TURNER,
1070,1836,MAZDOOR,
1071,1837,CARPENTER(MECH CARDING),
1072,1838,CARD CLEANING (PIKING),
1073,1839,OILER (MECH.CARDING),
1074,1840,ROLL FORMER,
1075,1841,CARDING FITTER(MECH.CARDING),
1076,1842,VICE FITTER(MECH.CARDING),
1077,1843,SOFTNER LINE FITTER,
1078,1844,CHARGE HAND(MECH.CARDING),
1079,1845,EXTRA SHIPPING,
1080,1846,MARKER,
1081,1847,GUNNY GODOWN SHIPPING MAZDOOR,
1082,1848,EXTRA FNG,
1083,1849,BALE CARRIERS,
1084,1850,SCALE MAZDOOR,
1085,1851,PRESS MAN,
1086,1852,PRESS HOOP CUTTER,
1087,1853,GENERAL MAZDOOR,
1088,1854,S Q C MAZDOOR,
1089,1855,CUTS CARRIER (CALENDER TO CUTTING),
1090,1856,CLOTH REPAIR,
1091,1857,RELIVER,
1092,1858,CALENDER RECEIVER,
1093,1859,CALENDER FEEDER,
1094,1860,CALANDER SARDAR,
1095,1861,CUTS CARRIER (DAMPING TO CALENDER),
1096,1862,DAMPING RECEIVER,
1097,1863,DAMPING FEEDER,
1098,1864,HAND SEWER,
1099,1865,HERAKALE HELPER,
1100,1866,HERAKALE OPERATOR,
1101,1867,HERAKALE SARDAR,
1102,1868,BELT MAN,
1103,1869,J BAG HELPER,
1104,1870,J BAG SEWER,
1105,1871,MOUTH HEMMING HELPER,
1106,1872,MOUTH HEMMING OPERATOR,
1107,1873,CUTTING M/C FEEDER,
1108,1874,SCALE MAZDOOR,
1109,1875,SWEEPER,
1110,1876,CUTS CARRIER,
1111,1877,CAMB MAZDOOR,
1112,1878,MOOCHI,
1113,1879,WEAVER,
1114,1880,LINE HELPER,
1115,1881,LINE SARDAR,
1116,1882,EXTRA,
1117,1883,EMPTY BEAM CARRIER,
1118,1884,BEAMER,
1119,1885,CHARGE HAND,
1120,1886,BEAMING SARDAR,
1121,1887,BOBBIN CLEANER-C,
1122,1888,COP GODOWN MAZDOOR,
1123,1889,SARDAR,
1124,1890,WINDER-COP,
1125,1891,EXTRA-S,
1126,1892,SPOOL CARRY MAZDOOR,
1127,1893,WINDER SPOOL,
1128,1894,EXTRA (C),
1129,1895,BASKET MAZDOOR (C),
1130,1896,FEEDER MAZDOOR (C),
1131,1897,RELIVERS (C),
1132,1898,"SPINNER 5 1/2""",
1133,1899,LINE SARDAR(C),
1134,1900,EXTRA (F),
1135,1901,FELT BOB CLEANER,
1136,1902,AIR BLOWER,
1137,1903,YARN TESTER,
1138,1904,LISTER MAN (F),
1139,1905,COOLY SARDAR (F),
1140,1906,FEEDER MAZDOOR (F),
1141,1907,BASKET MAZDOOR (F),
1142,1908,RELIEVER SPINNER (F),
1143,1909,"SPINNER 4 1/4""",
1144,1910,LINE SARDAR (F),
1145,1911,RELIVER DRAWING,
1146,1912,DRAWING SARDAR,
1147,1913,DRAWING PICKER,
1148,1914,RELIVERS,
1149,1915,DUST REMOVER,
1150,1916,ROLL CARRIER,
1151,1917,DOFFER PICKERS,
1152,1918,CARD PICKERS,
1153,1919,F/C FEEDER,
1154,1920,I/C FEEDER-WEFT,
1155,1921,I/C FEEDER-WARP,
1156,1922,FEEDER-TOW B/CARD,
1157,1923,B/CARD FEEDER - WEFT,
1158,1924,B/CARD FEEDER - WARP,
1159,1925,B/CARD SARDAR - WEFT,
1160,1926,B/CARD SARDAR - WARP,
1161,1927,ROOT CUTTER,
1162,1928,GUNNY TEASER FEEDER,
1163,1929,THREAD WASTE MAZDOOR (PILER),
1164,1930,ROPE CUTTER,
1165,1931,MIXING MAZDOOR AT BREAKER,
1166,1932,MIXING MAZDOOR AT TEASER,
1167,1933,TEASER RECEIVER,
1168,1934,TEASER FEEDER,
1169,1935,PILE MAKER,
1170,1936,PILE TO CARD,
1171,1937,SOFTNER TO PILE,
1172,1938,JUTE CARRIER SELC TO SOFTNER,
1173,1939,CUTTING SOFTNER RECEIVER,
1174,1940,LONG JUTE SOFTNER RECEIVER,
1175,1941,FEEDER-LONG JUTE,
1176,1942,SOFTNER SARDAR,
1177,1943,E OILER,
1178,1944,BALES TALLY MAZDOOR,
1179,1945,SELECTOR,
1180,1946,JUTE ISSUE MAZDOOR,
1181,1947,JUTE BALES CARRIERS,
1195,1948,Delivery Supervisor,
1216,1949,OFFICE BOY,
1217,1950,ACCOUNTS OFFICER,
1218,1951,CEO,
1220,1952,EXECUTIVE ASSISTANT,
1221,1953,DOCTOR,
1222,1954,SUPERVISOR,
1223,1955,FACTORY MANAGER ,
1224,1956,INCHARGE,
1225,1957,ASSISTANT PERSONAL MANAGER,
1226,1958,TEMPLE PANDIT,
1227,1959,PF ESI OPERATOR,
1228,1960,TIME KEEPER,
1229,1961,TALLY CLERK,
1230,1962,JN SUPERVISOR,
1232,1963,COMMERCIAL MANAGER,
1233,1964,MILL MANAGER,
1234,1965,MECH SUPERVISOR,
1235,1966,CIVIL SUPERVISOR,
1236,1967,TRAINEE SUPERVISOR,
1237,1968,ADMINISTRATIVE OFFICER,
1238,1969,PF ESI,
1239,1970,TRAINEE CLERK,
1240,1971,MEDICAL OFFICER,
1241,1972,ASST MANAGER,
1242,1973,RTD CLERK,
1243,1974,ACCOUNTS,
1244,1975,SHIFT INCHARGE,
1245,1976,MILL MAINTENANCE MANAGER,
1246,1246,MECHANICAL ENGINEER,pre-existing
1247,1977,CASHIER,
1248,1978,COMMERCIAL EXECUTIVE,
1249,1979,AACOUNTS ASSISTANT,
1250,1980,ACCOUNTS ASSISTANT,
1251,1981,MIS EXECUTIVE,
1252,1982,LEGAL OFFICER,
1273,1983,GENERAL MANAGER,
1276,1984,CLERICAL,
1283,1985,COMPONDER,
1305,1986,1024,
1306,1987,1005,
1307,1988,PRODUCTION MANAGER,
1308,1989,Warp spinner,
1309,1990,WEFT SPINNER,
1310,1991,SLIVER FEEDER,
1314,1992,MECHANICAL INCHARGE,
1318,1993,Sr.Mechanical Engineer ,
1319,1994,2000,
1321,1995, TR. SUPERVISOR,
1322,1996,CLERK,
1324,1997,SUPERVISOR,
1325,1998,TALLY CLERK,
1326,1999,SUPERVISOR,
1327,2000,SUPERVISOR,
1328,2001,TWISTER,
1329,2002,BUNDLER,
1330,2003,REELER,
1331,2004,INCHARGE,
1332,2005,INCHARGE,
1333,2006,OPERATOR,
1334,2007,SUPERVISOR,
1335,2008,SUPERVISOR,
1336,2009,GENERAL MANAGER,
1337,2010,ENGINEER,
1341,2011,SUPERVISOR,
1665,2012,SUPERVISOR,
1668,2013,SUPERVISOR,
1669,2014,PERSONNEL OFFICER,
1670,2015,DRIVER,
1671,2016,DRIVER,
1672,2017,DRIVER,
1673,2018,DRIVER,
1674,2019,DRIVER,
1675,2020,PUJARI,
1677,2021,Hand Sewer ( Trainee),
1678,2022,INCHARGE,
1679,2023,SAFETY OPERATOR,
1680,2024,SAFETY MAZDOOR,
1682,2025,CHIEF ENGINEER,
1683,2026,COMMERCIAL MANAGER,
1684,2027,STOCK CHECKING,
1685,2028,STOCK CHECKING,
1686,2029,LINE WASTAGE BREAKER CARD FEEDER,
1687,2030,INTER RECEIVER,
1688,2031,DRAW HEAD FEEDER,
1689,1689,PRODUCTION MANAGER,pre-existing
