vowsls_company_id,vowsls_quality_id,quality_code,sls_weaving_quality_id
2,17,1008,4
2,18,2006,5
2,19,1015,6
2,20,2001,7
2,21,2009,8
2,22,2034,9
2,23,1062,10
2,24,1070,11
2,25,2033,12
2,26,1012,13
2,27,1051,14
2,28,2003,15
2,29,2008,16
2,30,2007,17
2,31,2002,18
2,32,2014,19
2,33,2046,20
2,34,2050,21
2,35,1096,22
2,36,2051,23
2,37,2052,24
2,38,2053,25
2,39,1098,26
2,40,1099,27
2,41,2056,28
2,42,1109,29
2,43,2066,30
2,44,2067,31
2,45,1114,32
2,46,1116,33
2,47,2071,34
2,48,1117,35
2,49,1118,36
2,50,2074,37
2,51,2075,38
2,52,1120,39
2,53,2078,40
2,54,2079,41
2,55,2080,42
2,56,1127,43
2,57,1128,44
2,58,2081,45
2,59,1130,46
2,60,2083,47
2,61,1131,48
2,62,1132,49
2,63,2084,50
2,64,1139,51
2,65,1152,52
2,66,1169,53
2,67,3002,54
2,68,3003,55
2,69,1198,56
2,70,2090,57
2,71,2093,58
2,72,1205,59
2,73,3005,60
2,74,1214,61
2,75,1215,62
2,76,3006,63
2,77,2095,64
2,78,1217,65
2,79,3007,66
2,80,1227,67
2,81,3008,68
2,82,2102,69
2,83,2103,70
2,84,2244,71
2,85,2245,72
2,86,3012,73
2,87,2248,74
2,88,3015,75
2,89,3016,76
2,90,3018,77
2,91,1243,78
2,92,1245,79
2,93,1250,80
2,94,2251,81
2,95,3020,82
2,96,3021,83
2,97,3022,84
2,98,1252,85
2,99,2252,86
2,100,1253,87
2,101,1254,88
2,102,1256,89
2,103,1257,90
2,104,1259,91
2,105,2258,92
2,106,1260,93
2,107,2261,94
2,108,2263,95
2,109,1276,96
2,110,1277,97
2,111,3023,98
2,112,1278,99
2,113,3024,100
2,114,1289,101
2,115,3025,102
2,116,1291,103
2,117,3026,104
2,118,2276,105
2,119,2278,106
2,120,2284,107
2,121,1305,108
2,122,2286,109
2,123,2291,110
2,124,2295,111
2,125,3027,112
2,126,3028,113
2,127,2299,114
2,128,2300,115
2,129,3029,116
2,130,2305,117
2,131,1318,118
2,132,2314,119
2,133,2319,120
2,134,2321,121
2,135,2324,122
2,136,1330,123
2,137,2343,124
2,138,2345,125
2,139,2350,126
2,140,1371,127
2,141,1374,128
2,142,2370,129
2,143,2371,130
2,144,2374,131
2,145,2375,132
2,146,2383,133
2,147,1397,134
2,148,1399,135
2,149,1402,136
2,150,1411,137
2,151,1414,138
2,152,1416,139
2,153,2393,140
2,154,2394,141
2,155,1420,142
2,156,1443,143
2,157,1444,144
2,158,1445,145
2,159,1446,146
2,160,1447,147
2,161,1448,148
2,162,1449,149
2,163,1450,150
2,164,1452,151
2,165,1455,152
2,166,1456,153
2,167,1458,154
2,168,1459,155
2,169,2422,156
2,170,1472,157
2,171,1475,158
2,172,1476,159
2,173,3049,160
2,174,3050,161
2,175,2437,162
2,176,2440,163
2,177,2443,164
2,178,1488,165
2,179,3066,166
2,180,3068,167
2,181,2453,168
2,182,2454,169
2,183,3073,170
2,184,2457,171
2,185,2458,172
2,186,2459,173
2,187,2460,174
2,188,2461,175
2,189,2462,176
2,190,1500,177
2,191,1501,178
2,192,2466,179
2,193,2467,180
2,194,1519,181
2,195,3077,182
2,196,2477,183
2,197,3079,184
2,198,1529,185
2,199,3080,186
2,200,2483,187
2,201,3081,188
2,202,1531,189
2,203,2484,190
2,204,2485,191
2,205,1539,192
2,206,1540,193
2,207,1541,194
2,208,1542,195
2,209,2489,196
2,210,2490,197
2,211,2491,198
2,212,2492,199
2,213,3084,200
2,214,1543,201
2,215,1544,202
2,216,1545,203
2,217,1546,204
2,218,1547,205
2,219,1548,206
2,220,2495,207
2,221,2496,208
2,222,3085,209
2,223,1551,210
2,224,1552,211
2,225,1553,212
2,226,1554,213
2,227,1556,214
2,228,2501,215
2,229,2502,216
2,230,1557,217
2,231,1558,218
2,232,2504,219
2,233,2505,220
2,234,2506,221
2,235,2508,222
2,236,2509,223
2,237,2510,224
2,238,2511,225
2,239,2512,226
2,240,2513,227
2,241,2514,228
2,242,2515,229
2,243,2516,230
2,244,2522,231
2,245,2523,232
2,246,2524,233
2,247,2525,234
2,248,2534,235
2,249,1601,236
2,250,1607,237
2,251,2547,238
2,252,2549,239
2,253,2550,240
2,254,1609,241
2,255,1610,242
2,256,1611,243
2,257,1612,244
2,258,2562,245
2,259,2566,246
2,260,2568,247
2,261,3098,248
2,262,3099,249
2,263,3100,250
2,264,2577,251
2,265,3106,252
2,266,3107,253
2,267,2579,254
2,268,2582,255
2,269,3116,256
2,270,2586,257
2,271,2587,258
2,272,2588,259
2,273,2589,260
2,274,2590,261
2,275,2592,262
2,276,2593,263
2,277,2594,264
2,278,2598,265
2,279,1639,266
2,280,1640,267
2,281,2601,268
2,282,2602,269
2,283,1643,270
2,284,1644,271
2,285,2605,272
2,286,2606,273
2,287,2609,274
2,288,2612,275
2,289,2613,276
2,290,2614,277
2,291,1646,278
2,292,2621,279
2,293,1647,280
2,294,1648,281
2,295,1649,282
2,296,1650,283
2,297,1651,284
2,298,1652,285
2,299,1653,286
2,300,3134,287
2,301,3135,288
2,302,3136,289
2,303,3137,290
2,304,3138,291
2,305,1655,292
2,306,1656,293
2,307,2625,294
2,308,2626,295
2,309,1666,296
2,310,1667,297
2,311,2633,298
2,312,2634,299
2,313,2635,300
2,314,2636,301
2,315,2637,302
2,316,2638,303
2,317,1668,304
2,318,1669,305
2,319,2639,306
2,320,2640,307
2,321,2641,308
2,322,1670,309
2,323,1671,310
2,324,1672,311
2,325,1673,312
2,326,1674,313
2,327,2420,314
2,328,2642,315
2,329,2643,316
2,330,1675,317
2,331,1676,318
2,332,1677,319
2,333,1678,320
2,334,2645,321
2,335,1679,322
2,336,1680,323
2,337,1681,324
2,338,1682,325
2,339,1683,326
2,340,1684,327
2,341,1685,328
2,342,1686,329
2,343,1687,330
2,344,1688,331
2,345,1689,332
2,346,1690,333
2,347,1691,334
2,348,3142,335
2,349,1692,336
2,350,1693,337
2,351,1694,338
2,352,1695,339
2,353,1696,340
2,354,3143,341
2,355,3144,342
2,356,1697,343
2,357,1698,344
2,358,1699,345
2,359,2646,346
2,360,1700,347
2,361,1701,348
2,362,1702,349
2,363,1703,350
2,364,1704,351
2,365,1705,352
2,366,1706,353
2,367,1707,354
2,368,1708,355
2,369,1709,356
2,370,1710,357
2,371,1711,358
2,372,3145,359
2,373,1712,360
2,374,1713,361
2,375,2647,362
2,376,2648,363
2,377,2649,364
2,378,1714,365
2,379,1715,366
2,380,2650,367
2,381,2651,368
2,382,1716,369
2,383,2652,370
2,384,1717,371
2,385,1718,372
2,386,1719,373
2,387,1720,374
2,388,1721,375
2,389,1722,376
2,390,1723,377
2,391,1724,378
2,392,1725,379
2,393,2653,380
2,394,2654,381
2,395,2655,382
2,396,2656,383
2,397,2657,384
2,398,2658,385
2,399,1726,386
2,400,2659,387
2,401,1727,388
2,402,1728,389
2,403,2660,390
2,404,1729,391
2,405,2661,392
2,406,2662,393
2,407,2663,394
2,408,2664,395
2,409,2665,396
2,410,1730,397
2,411,2666,398
2,412,1731,399
2,413,2667,400
2,414,1732,401
2,415,2668,402
2,416,2669,403
2,417,1733,404
2,418,1734,405
2,419,1735,406
2,420,1736,407
2,421,1737,408
2,422,1738,409
2,423,1739,410
2,424,3146,411
2,425,1740,412
2,426,1741,413
2,427,3147,414
2,428,1742,415
2,429,1743,416
2,430,1744,417
2,431,1745,418
2,432,1746,419
2,433,1747,420
2,434,1748,421
2,435,1749,422
2,436,1750,423
2,437,1751,424
2,438,1752,425
2,439,1753,426
2,471,2670,427
2,440,2670,427
2,441,1754,428
2,442,1755,429
2,443,1756,430
2,444,1757,431
2,445,1758,432
2,446,1759,433
2,447,2671,434
2,448,2672,435
2,449,2673,436
2,450,2674,437
2,451,2675,438
2,452,1760,439
2,453,1761,440
2,454,1762,441
2,455,1763,442
2,456,2676,443
2,457,1764,444
2,458,1765,445
2,459,1766,446
2,460,1767,447
2,461,1768,448
2,462,1769,449
2,463,1770,450
2,464,1771,451
2,465,1772,452
2,466,1773,453
2,467,1774,454
2,468,2677,455
2,469,2678,456
2,470,2679,457
2,471,2670,458
2,440,2670,458
2,472,2680,459
2,473,1775,460
2,474,1776,461
2,475,1777,462
2,476,1778,463
2,477,1779,464
2,478,1780,465
2,481,1781,466
2,482,1001,467
2,483,1002,468
2,484,1003,469
2,485,1004,470
2,486,1005,471
2,487,1006,472
2,488,1007,473
2,489,1785,474
2,490,2682,475
2,497,1782,476
2,498,1790,477
2,500,119013,478
2,501,110117,479
2,506,10001,480
2,511,2999,481
2,524,1791,482
2,528,110124,483
2,529,111189,484
2,530,112194,485
2,531,110118,486
2,532,111193,487
2,533,111190,488
2,534,112193,489
2,535,112199,490
2,536,112179,491
2,537,112200,492
2,538,419007,493
2,539,119017,494
2,540,119018,495
2,541,312088,496
2,542,312089,497
2,543,313706,498
2,544,119017111,499
2,545,111190111,500
2,547,110124111,501
2,546,110124111,501
2,547,110124111,502
2,546,110124111,502
2,549,313718,503
2,550,119023,504
2,605,312086,505
2,606,313710,506
2,607,2683,507
2,608,110110,508
2,609,2684,509
2,610,119020,510
2,611,119024,511
2,612,2685,512
2,613,111194,513
2,614,1787,514
2,615,312087,515
2,616,313716,516
1,1,22905,517
1,2,33009,518
1,3,2M239,519
1,4,22912,520
1,5,24007,521
1,6,2M230,522
1,7,24008,523
1,8,2M231,524
1,9,24009,525
1,10,24010,526
1,11,33014,527
1,12,2M233,528
1,13,33015,529
1,14,33016,530
1,15,2M212,531
1,16,2M210,532
1,479,2A272,533
1,480,22913,534
1,491,33010,535
1,493,20632,536
1,494,22914,537
1,495,22915,538
1,496,2M234,539
1,499,SPNG1,540
1,502,22916,541
1,503,22917,542
1,504,24011,543
1,505,22918,544
1,507,24012,545
1,508,22919,546
1,509,22920,547
1,514,11101121,548
1,515,11003122,549
1,516,11403221,550
1,517,21052111,551
1,518,21101111,552
1,519,21802123,553
1,520,32002112,554
1,521,11053122,555
1,523,21402111,556
1,525,2M950,557
1,527,2M951,558
1,551,2M335,559
1,552,21902112,560
1,553,21405123,561
1,554,2M336,562
1,601,2M402,563
1,602,2M401,564
