vowsls_mechine_id,sls_machine_id,machine_name
672,2930,Spreader -1
673,2931,Spreader -2
674,2932,Spreader -3
675,2933,Spreader -4
676,2934,Spreader -5
677,2935,BAY -1
678,2936,BAY -2
679,2937,BAY -3
680,2938,BAY -4
681,2939,BAY -5
682,2940,BAY -6
683,2941,WEFT -1
684,2942,WEFT -2
685,2943,WEFT -3
686,2944,WEFT -4
687,2945,WEFT -5
688,2946,WEFT -6
689,2947,WEFT -7
690,2948,WEFT -8
691,2949,WEFT -9
692,2950,WEFT -10
693,2951,WEFT -11
694,2952,WEFT -12
695,2953,WEFT -13
696,2954,WEFT -14
697,2955,WEFT -15
698,2956,WEFT -16
699,2957,WEFT -17
700,2958,WEFT -18
701,2959,WEFT -19
702,2960,WEFT -20
703,2961,WEFT -21
704,2962,WEFT -22
705,2963,FRAME -1
706,2964,FRAME -2
707,2965,FRAME -3
708,2966,FRAME -4
709,2967,FRAME -5
710,2968,FRAME -6
711,2969,FRAME -7
712,2970,FRAME -8
713,2971,FRAME -9
714,2972,FRAME -10
715,2973,FRAME -11
716,2974,FRAME -12
717,2975,FRAME -13
718,2976,FRAME -14
719,2977,FRAME -15
720,2978,FRAME -16
721,2979,FRAME -17
722,2980,FRAME -18
723,2981,FRAME -19
724,2982,FRAME -20
725,2983,FRAME -21
726,2984,FRAME -22
727,2985,FRAME -23
728,2986,FRAME -24
729,2987,FRAME -25
730,2988,FRAME -26
731,2989,FRAME -27
732,2990,FRAME -28
733,2991,FRAME -29
734,2992,FRAME -30
737,2993,S001
738,2994,S002
739,2995,S003
740,2996,S004
741,2997,S005
742,2998,S006
743,2999,S007
744,3000,S008
745,3001,S009
746,3002,S010
747,3003,S011
748,3004,S012
749,3005,S013
750,3006,S014
751,3007,S015
752,3008,S016
753,3009,S017
754,3010,S018
755,3011,S019
756,3012,S020
757,3013,S021
758,3014,S022
759,3015,S023
760,3016,S024
761,3017,S025
762,3018,S026
763,3019,S027
764,3020,S028
765,3021,S029
766,3022,S030
767,3023,S031
768,3024,S032
769,3025,S033
770,3026,S034
771,3027,S035
772,3028,S036
773,3029,S037
774,3030,S038
775,3031,S039
776,3032,S040
777,3033,S041
778,3034,S042
779,3035,S043
780,3036,S044
781,3037,S045
782,3038,S046
783,3039,S047
784,3040,S048
785,3041,S049
786,3042,S050
787,3043,S051
788,3044,S052
789,3045,S053
790,3046,S054
791,3047,S055
792,3048,S056
793,3049,S057
794,3050,S058
795,3051,S059
796,3052,S060
797,3053,S061
798,3054,S062
799,3055,S063
800,3056,S064
801,3057,S065
802,3058,S066
803,3059,S067
804,3060,S068
805,3061,S069
806,3062,S070
807,3063,S071
808,3064,S072
809,3065,S073
810,3066,S074
811,3067,S075
812,3068,S076
813,3069,S077
814,3070,S078
815,3071,S079
816,3072,S080
817,3073,S081
818,3074,S082
819,3075,S083
820,3076,S084
821,3077,S085
822,3078,S086
823,3079,S087
824,3080,S088
825,3081,S089
826,3082,S090
827,3083,S091
828,3084,S092
829,3085,S093
830,3086,S094
831,3087,S095
832,3088,S096
833,3089,S097
834,3090,S098
835,3091,S099
836,3092,S100
837,3093,S101
838,3094,S102
839,3095,S103
840,3096,S104
841,3097,S105
842,3098,S106
843,3099,S107
844,3100,S108
845,3101,S109
846,3102,S110
847,3103,S111
848,3104,S112
849,3105,S113
850,3106,S114
851,3107,S115
852,3108,S116
853,3109,S117
854,3110,S118
855,3111,S119
856,3112,S120
857,3113,S121
858,3114,S122
859,3115,S123
860,3116,S124
861,3117,S125
862,3118,S126
863,3119,S127
864,3120,S128
865,3121,S129
866,3122,S130
867,3123,S131
868,3124,S132
869,3125,S133
870,3126,S134
871,3127,S135
872,3128,S136
873,3129,S137
874,3130,S138
875,3131,S139
876,3132,S140
877,3133,S141
878,3134,S142
879,3135,S143
880,3136,S144
881,3137,S145
882,3138,S146
883,3139,S147
884,3140,S148
885,3141,S149
886,3142,S150
887,3143,S151
888,3144,S152
889,3145,S153
890,3146,S154
891,3147,S155
892,3148,S156
893,3149,S157
894,3150,S158
895,3151,S159
896,3152,S160
897,3153,S161
898,3154,S162
899,3155,S163
900,3156,S164
901,3157,S165
902,3158,S166
903,3159,S167
904,3160,S168
905,3161,S169
906,3162,S170
907,3163,S171
908,3164,S172
909,3165,S173
910,3166,S174
911,3167,S175
912,3168,S176
913,3169,S177
914,3170,S178
915,3171,S179
916,3172,S180
917,3173,S181
918,3174,S182
919,3175,S183
920,3176,S184
921,3177,S185
922,3178,S186
923,3179,S187
924,3180,S188
925,3181,S189
926,3182,S190
927,3183,S191
928,3184,S192
929,3185,S193
930,3186,S194
931,3187,S195
932,3188,S196
933,3189,S197
934,3190,S198
935,3191,S199
936,3192,S200
937,3193,S201
938,3194,S202
939,3195,S203
940,3196,S204
941,3197,S205
942,3198,S206
943,3199,S207
944,3200,S208
945,3201,S209
946,3202,S210
947,3203,S211
948,3204,S212
949,3205,S213
950,3206,S214
951,3207,S215
952,3208,S216
953,3209,S217
954,3210,S218
955,3211,S219
956,3212,S220
957,3213,S221
958,3214,S222
959,3215,S223
960,3216,S224
961,3217,S225
962,3218,S226
963,3219,S227
964,3220,S228
965,3221,S229
966,3222,S230
967,3223,S231
968,3224,S232
969,3225,S233
970,3226,S234
971,3227,S235
972,3228,S236
973,3229,S237
974,3230,S238
975,3231,S239
976,3232,S240
977,3233,S241
978,3234,S242
979,3235,S243
980,3236,S244
981,3237,S245
982,3238,S246
983,3239,S247
984,3240,S248
985,3241,S249
986,3242,S250
987,3243,S251
988,3244,S252
989,3245,S253
990,3246,S254
991,3247,S255
992,3248,S256
993,3249,S257
994,3250,S258
995,3251,S259
996,3252,S260
997,3253,S261
998,3254,S262
999,3255,S263
1000,3256,S264
1001,3257,S265
1002,3258,S266
1003,3259,S267
1004,3260,S268
1005,3261,S269
1006,3262,S270
1007,3263,S271
1008,3264,S272
1009,3265,S273
1010,3266,BEAMING -1
1011,3267,BEAMING -2
1012,3268,BEAMING -3
1013,3269,BEAMING -4
1014,3270,BEAMING -5
1015,3271,BEAMING -6
1016,3272,BEAMING -7
1017,3273,BEAMING -8
1018,3274,BEAMING -9
1019,3275,BEAMING -10
1022,3276,S274
1023,3277,S275
1024,3278,S276
1025,3279,S277
1026,3280,S278
1027,3281,S279
1028,3282,S280
1029,3283,S281
1030,3284,S282
1031,3285,S283
1032,3286,S284
1033,3287,S285
1034,3288,S286
1035,3289,S287
1036,3290,S288
1037,3291,S289
1038,3292,S290
1039,3293,S291
1040,3294,S292
1041,3295,S293
1042,3296,S294
1043,3297,S295
1044,3298,S296
1045,3299,S297
1046,3300,S298
1047,3301,S299
1048,3302,S300
1049,3303,S301
1050,3304,S302
1051,3305,S303
1052,3306,S304
1053,3307,S305
1054,3308,S306
1055,3309,S307
1056,3310,S308
1057,3311,S309
1058,3312,S310
1059,3313,S311
1060,3314,S312
1061,3315,S313
1062,3316,S314
1063,3317,S315
1064,3318,S316
1065,3319,S317
1066,3320,S318
1067,3321,S319
1068,3322,S320
1069,3323,S321
1070,3324,S322
1071,3325,S323
1072,3326,S324
1073,3327,S325
1074,3328,S326
1075,3329,S327
1076,3330,S328
1077,3331,S329
1078,3332,S330
1079,3333,S331
1080,3334,S332
1081,3335,S333
1082,3336,S334
1083,3337,S335
1084,3338,S336
1085,3339,S337
1086,3340,S338
1087,3341,S339
1088,3342,S340
1089,3343,S341
1090,3344,S342
1091,3345,S343
1092,3346,S344
1093,3347,S345
1094,3348,S346
1095,3349,S347
1096,3350,S348
1097,3351,S349
1098,3352,S350
1099,3353,S351
1100,3354,S352
1101,3355,S353
1102,3356,S354
1103,3357,S355
1104,3358,S356
1105,3359,S357
1106,3360,S358
1107,3361,S359
1108,3362,S360
1109,3363,S361
1110,3364,S362
1111,3365,S363
1112,3366,S364
1113,3367,S365
1114,3368,S366
1115,3369,S367
1116,3370,S368
1117,3371,S369
1118,3372,S370
1119,3373,S371
1120,3374,S372
1121,3375,S373
1122,3376,S374
1123,3377,S375
1124,3378,S376
1125,3379,S377
1126,3380,S378
1127,3381,S379
1128,3382,S380
1129,3383,S381
1130,3384,S382
1131,3385,S383
1132,3386,S384
1133,3387,S385
1134,3388,S386
1135,3389,S387
1136,3390,S388
1137,3391,S389
1138,3392,S390
1139,3393,S391
1140,3394,S392
1141,3395,S393
1142,3396,S394
1143,3397,S395
1144,3398,S396
1145,3399,S397
1146,3400,S398
1147,3401,S399
1148,3402,S400
1149,3403,S401
1150,3404,S402
1151,3405,S403
1152,3406,S404
1153,3407,S405
1154,3408,S406
1155,3409,S407
1156,3410,S408
1157,3411,S409
1158,3412,S410
1159,3413,S411
1160,3414,S412
1161,3415,S413
1162,3416,S414
1163,3417,S415
1164,3418,S416
1165,3419,S417
1166,3420,S418
1167,3421,S419
1168,3422,S420
1169,3423,S421
1170,3424,S422
1171,3425,S423
1172,3426,S424
1173,3427,S425
1174,3428,S426
1175,3429,S427
1176,3430,S428
1177,3431,S429
1178,3432,S430
1179,3433,S431
1180,3434,S432
1181,3435,S433
1182,3436,S434
1183,3437,S435
1184,3438,S436
1185,3439,S437
1186,3440,S438
1187,3441,S439
1188,3442,S440
1189,3443,S441
1190,3444,S442
1191,3445,S443
1192,3446,S444
1193,3447,S445
1194,3448,S446
1195,3449,S447
1196,3450,S448
1197,3451,S449
1198,3452,S450
1199,3453,S451
1200,3454,S452
1201,3455,S453
1202,3456,S454
1203,3457,S455
1204,3458,S456
1205,3459,S457
1206,3460,S458
1207,3461,S459
1208,3462,S460
1209,3463,S461
1210,3464,S462
1211,3465,S463
1212,3466,S464
1213,3467,S465
1214,3468,S466
1215,3469,S467
1216,3470,S468
1217,3471,S469
1218,3472,S470
1219,3473,S471
1220,3474,S472
1221,3475,S473
1222,3476,S474
1223,3477,S475
1224,3478,S476
1225,3479,S477
1226,3480,S478
1227,3481,S479
1228,3482,S480
1229,3483,S481
1230,3484,S482
1246,3485,S483
1247,3486,S484
1248,3487,BALES(CUTTING)
1263,3488,SARDAR LINE 1
1264,3489,SARDARLINE 2
1265,3490,SARDARLINE 3
1266,3491,SARDARLINE 4
1267,3492,SARDARLINE5
1268,3493,SARDARLINE6
1269,3494,SARDARLINE7
1270,3495,SARDARLINE8
1271,3496,SARDARLINE9
1272,3497,SARDARLINE10
1273,3498,SARDARLINE11
1274,3499,SARDARLINE12
1275,3500,SARDARLINE13
1276,3501,SARDARLINE14
1277,3502,SARDARLINE15
1278,3503,SARDARLINE16
1279,3504,SARDARLINE17
1280,3505,SARDARLINE18
1281,3506,SARDARLINE19
1282,3507,SARDARLINE20
1283,3508,HELPER LINE 1
1284,3509,HELPER LINE 2
1285,3510,HELPER LINE 3
1286,3511,HELPER LINE 4
1287,3512,HELPER LINE 5
1288,3513,HELPER LINE 6
1289,3514,HELPER LINE 7
1290,3515,HELPER LINE 8
1291,3516,HELPER LINE 9
1292,3517,HELPER LINE 10
1293,3518,HELPER LINE 11
1294,3519,HELPER LINE 12
1295,3520,HELPER LINE 13
1296,3521,HELPER LINE 14
1297,3522,HELPER LINE 15
1298,3523,HELPER LINE 16
1299,3524,HELPER LINE 17
1300,3525,HELPER LINE 18
1301,3526,HELPER LINE 19
1302,3527,HELPER LINE 20
1303,3528,PRESS PUMP -1
1473,3529,S485
1474,3530,S486
1475,3531,S487
1476,3532,S488
1477,3533,S489
1478,3534,S490
1490,3535,Winding 1A
1491,3536,Winding 1B
1492,3537,Winding 1C
1493,3538,Winding 1D
1494,3539,Winding 6A
1495,3540,Winding 6B
1496,3541,Winding 6C
1497,3542,Winding 6D
1498,3543,Winding 9A
1499,3544,Winding 9B
1500,3545,Winding 9C
1501,3546,Winding 9D
1502,3547,Winding 8A
1503,3548,Winding 8B
1504,3549,Winding 8C
1505,3550,Winding 8D
1506,3551,Winding 2A
1507,3552,Winding 2B
1508,3553,Winding 2C
1509,3554,Winding 2D
1510,3555,FRAME -31
1511,3556,FRAME -32
1512,3557,FRAME -33
1513,3558,PRESS PUMP -2
1535,3559,Inter Spreader 6
1536,3560,Inter Spreader 7
1553,3561,FRAME -35
1593,3562,N/S FRAME NO - 1
1594,3563,N/S FRAME NO - 2
1595,3564,N/S FRAME NO - 3
1596,3565,N/S FRAME NO -4
1597,3566,N/S FRAME NO - 5
1598,3567,N/S FRAME NO - 6
1599,3568,TWISTING M/C - 1
1600,3569,TWISTING M/C - 2
1601,3570,REELING M/C - 1
1602,3571,REELING M/C - 2
2929,3572,FRAME-34
